model,accuracy,precision,recall,mcc,roc_auc,pr_auc,best_params,cv_mcc
svm_rbf_grid,0.8753799392097265,0.7818930041152263,0.867579908675799,0.7292242243092639,0.9446646071915208,0.8681023596588244,"{'svc__C': 1, 'svc__gamma': 0.01}",0.7396411674317596
